<Manifest>
  <Resources>
    <Script>Resources/WebPageViewer/js/WebPageViewerHelper.js</Script>
    <Script>Resources/WebPageViewer/js/WebPageViewer.js</Script>
    <StyleSheet>Resources/WebPageViewer/stylesheets/WebPageViewer.css</StyleSheet>
    <Image>Resources/WebPageViewer/images/Callback.html</Image>
    <Image>Resources/WebPageViewer/images/Loader.gif</Image>
  </Resources>
  <Script><![CDATA[WebPageViewerHelper.Initialize();
Microsoft.Dynamics.NAV.InvokeExtensibilityMethod('ControlAddInReady', [WebPageViewerHelper.GetCallbackURL()]);]]></Script>
  <ScriptUrls />
  <StyleSheetUrls />
  <RefreshScript><![CDATA[Microsoft.Dynamics.NAV.InvokeExtensibilityMethod('Refresh', [WebPageViewerHelper.GetCallbackURL()]);]]></RefreshScript>
  <RecreateScript><![CDATA[Microsoft.Dynamics.NAV.InvokeExtensibilityMethod('Refresh', [WebPageViewerHelper.GetCallbackURL()]);]]></RecreateScript>
  <RequestedHeight>320</RequestedHeight>
  <RequestedWidth>300</RequestedWidth>
  <MinimumHeight>180</MinimumHeight>
  <MinimumWidth>200</MinimumWidth>
  <VerticalShrink>True</VerticalShrink>
  <VerticalStretch>True</VerticalStretch>
  <HorizontalShrink>True</HorizontalShrink>
  <HorizontalStretch>True</HorizontalStretch>
  <Version>2</Version>
</Manifest>