<Manifest>
  <Resources>
    <Script>Resources/FlowIntegration/js/msflowsdk-1.1.1.144.min.js</Script>
    <Script>Resources/FlowIntegration/js/FlowIntegration.js</Script>
  </Resources>
  <Script><![CDATA[Microsoft.Dynamics.NAV.InvokeExtensibilityMethod('ControlAddInReady');]]></Script>
  <ScriptUrls />
  <StyleSheetUrls />
  <RefreshScript><![CDATA[Microsoft.Dynamics.NAV.InvokeExtensibilityMethod('Refresh');]]></RefreshScript>
  <RecreateScript><![CDATA[Microsoft.Dynamics.NAV.InvokeExtensibilityMethod('Refresh');]]></RecreateScript>
  <RequestedHeight>600</RequestedHeight>
  <RequestedWidth>320</RequestedWidth>
  <MinimumHeight>600</MinimumHeight>
  <MinimumWidth>320</MinimumWidth>
  <VerticalShrink>True</VerticalShrink>
  <VerticalStretch>True</VerticalStretch>
  <HorizontalShrink>True</HorizontalShrink>
  <HorizontalStretch>True</HorizontalStretch>
  <Version>2</Version>
</Manifest>