<Manifest>
  <Resources>
    <Script>Resources/CustomerExperienceSurvey/js/CustomerExperienceSurvey.js</Script>
  </Resources>
  <Script><![CDATA[const controlAddinRoot = document.getElementById("controlAddIn");
const surveyDiv = document.createElement("div");
surveyDiv.id = "surveyDiv";
surveyDiv.className = "container";
surveyDiv.style = 'height:100%; width:100%'
controlAddinRoot.appendChild(surveyDiv);

Microsoft.Dynamics.NAV.InvokeExtensibilityMethod("ControlReady");]]></Script>
  <ScriptUrls>
    <ScriptUrl>https://mfpembedcdnmsit.azureedge.net/mfpembedcontmsit/Embed.js</ScriptUrl>
  </ScriptUrls>
  <StyleSheetUrls>
    <StyleSheetUrl>https://mfpembedcdnmsit.azureedge.net/mfpembedcontmsit/Embed.css</StyleSheetUrl>
  </StyleSheetUrls>
  <VerticalStretch>True</VerticalStretch>
  <HorizontalStretch>True</HorizontalStretch>
  <Version>2</Version>
</Manifest>