<Manifest>
  <Resources>
    <Script>Resources/PowerBIManagement/js/PowerBIManagement.js</Script>
    <Script>Resources/PowerBIManagement/js/powerbi.js</Script>
    <StyleSheet>Resources/PowerBIManagement/stylesheets/PowerBIManagement.css</StyleSheet>
  </Resources>
  <Script><![CDATA[Initialize();]]></Script>
  <ScriptUrls />
  <StyleSheetUrls />
  <RequestedHeight>320</RequestedHeight>
  <RequestedWidth>300</RequestedWidth>
  <MinimumHeight>180</MinimumHeight>
  <MinimumWidth>200</MinimumWidth>
  <VerticalShrink>True</VerticalShrink>
  <VerticalStretch>True</VerticalStretch>
  <HorizontalShrink>True</HorizontalShrink>
  <HorizontalStretch>True</HorizontalStretch>
  <Version>2</Version>
</Manifest>