<Manifest>
  <Resources>
    <Script>Resources/WaitSpinner/js/WaitSpinner.js</Script>
    <StyleSheet>Resources/WaitSpinner/stylesheets/spinner.css</StyleSheet>
    <Image>Resources/WaitSpinner/images/spinner.gif</Image>
  </Resources>
  <Script><![CDATA[var spinner = document.createElement("img");
spinner.className = "spinner-image";
spinner.src = Microsoft.Dynamics.NAV.GetImageResource("Resources/WaitSpinner/images/spinner.gif");

var container = document.createElement("div");
container.className = "spinner-container";
container.appendChild(spinner);

document.getElementById("controlAddIn").appendChild(container);

function Wait(SecondsToWait) {
    setTimeout(CallbackBC, SecondsToWait * 1000);
};

function CallbackBC() {
    Microsoft.Dynamics.NAV.InvokeExtensibilityMethod('Callback');
}

Microsoft.Dynamics.NAV.InvokeExtensibilityMethod('Ready');


]]></Script>
  <ScriptUrls>
    <ScriptUrl>https://cdnjs.cloudflare.com/ajax/libs/knockout/3.4.2/knockout-debug.js</ScriptUrl>
  </ScriptUrls>
  <StyleSheetUrls />
  <RequestedHeight>350</RequestedHeight>
  <RequestedWidth>350</RequestedWidth>
  <VerticalStretch>True</VerticalStretch>
  <HorizontalStretch>True</HorizontalStretch>
  <Version>2</Version>
</Manifest>