<Manifest>
  <Resources>
    <Script>Resources/BusinessChart/js/BusinessChartAddIn.js</Script>
    <StyleSheet>Resources/BusinessChart/stylesheets/BusinessChartAddIn.css</StyleSheet>
  </Resources>
  <Script><![CDATA[Initialize();]]></Script>
  <ScriptUrls>
    <ScriptUrl>https://ajax.aspnetcdn.com/ajax/jQuery/jquery-3.5.1.min.js</ScriptUrl>
    <ScriptUrl>https://code.highcharts.com/9.1.1/highcharts.js</ScriptUrl>
    <ScriptUrl>https://code.highcharts.com/9.1.1/highcharts-more.js</ScriptUrl>
    <ScriptUrl>https://code.highcharts.com/9.1.1/modules/accessibility.js</ScriptUrl>
    <ScriptUrl>https://code.highcharts.com/9.1.1/modules/funnel.js</ScriptUrl>
  </ScriptUrls>
  <StyleSheetUrls />
  <RefreshScript><![CDATA[Refresh();]]></RefreshScript>
  <RecreateScript><![CDATA[Refresh();]]></RecreateScript>
  <RequestedHeight>320</RequestedHeight>
  <RequestedWidth>300</RequestedWidth>
  <MinimumHeight>180</MinimumHeight>
  <MinimumWidth>200</MinimumWidth>
  <VerticalShrink>True</VerticalShrink>
  <VerticalStretch>True</VerticalStretch>
  <HorizontalShrink>True</HorizontalShrink>
  <HorizontalStretch>True</HorizontalStretch>
  <Version>2</Version>
</Manifest>