<Manifest>
  <Resources>
    <Script>Resources/OAuthIntegration/js/OAuthIntegration.js</Script>
    <StyleSheet>Resources/OAuthIntegration/stylesheets/OAuthIntegration.css</StyleSheet>
  </Resources>
  <Script><![CDATA[Microsoft.Dynamics.NAV.InvokeExtensibilityMethod('ControlAddInReady');]]></Script>
  <ScriptUrls />
  <StyleSheetUrls />
  <RequestedHeight>30</RequestedHeight>
  <RequestedWidth>200</RequestedWidth>
  <MinimumHeight>20</MinimumHeight>
  <MinimumWidth>200</MinimumWidth>
  <VerticalShrink>True</VerticalShrink>
  <VerticalStretch>True</VerticalStretch>
  <HorizontalShrink>True</HorizontalShrink>
  <HorizontalStretch>True</HorizontalStretch>
  <Version>2</Version>
</Manifest>