<Manifest>
  <Resources>
    <Script>Resources/RoleCenterSelector/js/RoleCenterSelector.js</Script>
    <StyleSheet>Resources/RoleCenterSelector/stylesheets/RoleCenterSelector.css</StyleSheet>
  </Resources>
  <Script><![CDATA[Microsoft.Dynamics.NAV.InvokeExtensibilityMethod('ControlAddInReady', null);]]></Script>
  <ScriptUrls>
    <ScriptUrl>https://ajax.aspnetcdn.com/ajax/jQuery/jquery-3.5.1.min.js</ScriptUrl>
    <ScriptUrl>https://static2.sharepointonline.com/files/fabric/office-ui-fabric-js/1.4.0/js/fabric.min.js</ScriptUrl>
  </ScriptUrls>
  <StyleSheetUrls>
    <StyleSheetUrl>https://static2.sharepointonline.com/files/fabric/office-ui-fabric-js/1.4.0/css/fabric.min.css</StyleSheetUrl>
    <StyleSheetUrl>https://static2.sharepointonline.com/files/fabric/office-ui-fabric-js/1.4.0/css/fabric.components.min.css</StyleSheetUrl>
  </StyleSheetUrls>
  <RefreshScript><![CDATA[DrawPage();
DrawFeatureContent();]]></RefreshScript>
  <RecreateScript><![CDATA[DrawPage();
DrawFeatureContent();]]></RecreateScript>
  <RequestedHeight>750</RequestedHeight>
  <RequestedWidth>560</RequestedWidth>
  <VerticalStretch>True</VerticalStretch>
  <HorizontalStretch>True</HorizontalStretch>
  <Version>2</Version>
</Manifest>