<Manifest>
  <Resources>
    <Script>Resources/WelcomeWizard/js/WelcomeWizard.js</Script>
    <StyleSheet>Resources/WelcomeWizard/stylesheets/WelcomeWizard.css</StyleSheet>
    <Image>Resources/WelcomeWizard/images/01_welcome.png</Image>
    <Image>Resources/WelcomeWizard/images/02_introduction.png</Image>
    <Image>Resources/WelcomeWizard/images/03_outlook.png</Image>
    <Image>Resources/WelcomeWizard/images/04_extensions.png</Image>
    <Image>Resources/WelcomeWizard/images/05_rolecenter.png</Image>
    <Image>Resources/WelcomeWizard/images/GoChecked.png</Image>
  </Resources>
  <Script><![CDATA[Microsoft.Dynamics.NAV.InvokeExtensibilityMethod('ControlAddInReady');]]></Script>
  <ScriptUrls>
    <ScriptUrl>https://ajax.aspnetcdn.com/ajax/jQuery/jquery-3.5.1.min.js</ScriptUrl>
    <ScriptUrl>https://static2.sharepointonline.com/files/fabric/office-ui-fabric-js/1.4.0/js/fabric.min.js</ScriptUrl>
  </ScriptUrls>
  <StyleSheetUrls />
  <RefreshScript><![CDATA[Microsoft.Dynamics.NAV.InvokeExtensibilityMethod('Refresh');]]></RefreshScript>
  <RecreateScript><![CDATA[Microsoft.Dynamics.NAV.InvokeExtensibilityMethod('Refresh');]]></RecreateScript>
  <RequestedHeight>379</RequestedHeight>
  <RequestedWidth>300</RequestedWidth>
  <MinimumHeight>550</MinimumHeight>
  <MinimumWidth>200</MinimumWidth>
  <VerticalShrink>True</VerticalShrink>
  <VerticalStretch>True</VerticalStretch>
  <HorizontalShrink>True</HorizontalShrink>
  <HorizontalStretch>True</HorizontalStretch>
  <Version>2</Version>
</Manifest>